nom_fr,nom_en,kcal,proteines,glucides,lipides,categorie
Pork sausages,Pork Sausages,266.0,20.0,1.58,20.0,Viandes
Blanc de Poulet,Blanc de poulet,100.0,21.0,0.5,1.6,Viandes
No Artificial Additives 6 Pork Sausages,No Artificial Additives 6 Pork Sausages,227.0,15.6,0.2,18.0,Viandes
Le Sup√©rieur - √† l'Etouff√©e - Conservation sans Nitrite,Le Sup√©rieur - √† l'Etouff√©e - Conservation sans Nitrite,115.0,22.0,0.5,2.8,Viandes
Le Sup√©rieur -25% de Sel - Conservation sans Nitrite,Le Sup√©rieur -25% de Sel - Conservation sans Nitrite,115.0,22.0,0.5,2.8,Viandes
Pechuga de Pavo Cocida 92%,Pechuga De Pavo Cocida 92%,89.0,19.5,0.0,1.3,Viandes
unsmoked back bacon rashers,unsmoked back bacon rashers,257.0,29.4,1.0,15.1,Viandes
HERTA Blanc Poulet Nature conservation sans nitrite x4 -140g,Blanc de poulet,105.6,21.0,0.9,2.0,Viandes
R√¥ti de Poulet - 100% filet,Fleury-Michon r√¥ti de poulet 100 % filet,110.0,22.0,0.5,2.2,Viandes
Jambon,jam√≥n cocido natural,102.0,19.0,0.9,2.5,Viandes
Filets de maquereau,Filets de maquereau,180.0,30.1,0.6,8.5,Poissons
Filets De Maquereaux,Filets De Maquereaux,180.0,30.1,0.6,6.4,Poissons
Sardines Huile d'Olive Vierge Extra,sardines huile d olive,227.0,23.0,0.0,15.0,Poissons
Isabel Thon,Atun,198.0,27.0,0.0,10.0,Poissons
Joly Thon Entier,Joly Thon Entier,175.0,33.0,0.97,1.1,Poissons
Atun C / Tomate Isabel,Atun C / Tomate Isabel,155.0,17.0,2.7,8.5,Poissons
Miettes de Maquereaux,Miettes de Maquereaux,180.1,30.1,0.6,6.4,Poissons
Thon Joly,Thon Joly,175.0,33.0,0.96,4.4,Poissons
Sardine Nature,Plain Sardines,158.0,22.0,0.0,7.8,Poissons
TAM thon entier a l'huile,TAM thon entier a l'huile,231.0,25.8,0.0,14.2,Poissons
Tesco Free Range Eggs Medium Box Of 6,6 Free Range Eggs,131.0,12.6,0.1,9.0,≈íufs
≈íufs frais plein air,≈íufs frais plein air,140.0,13.0,0.5,9.8,≈íufs
10 ≈íuf frais,10 ≈íuf frais,140.0,12.0,0.7,9.9,≈íufs
Oeufs frais plein air Om√©ga3 x 12,Oeufs frais plein air Om√©ga3 x 12,140.0,13.0,0.5,9.8,≈íufs
≈íufs,≈íufs,140.0,12.7,0.27,9.83,≈íufs
12 British Free Range Eggs,12 British Free Range Eggs,131.0,13.0,0.5,9.0,≈íufs
St√©phanie eleveur,St√©phanie eleveur,140.0,13.0,0.5,9.8,≈íufs
≈íufs de poules √©lev√©es en plein air* *conform√©ment au mode de production biologique,≈íufs de poules √©lev√©es en plein air* *conform√©ment au mode de production biologique,140.0,13.0,0.5,9.8,≈íufs
≈íufs bio x6,≈íufs bio x6,75.0,0.0,0.0,0.0,≈íufs
Free Range Eggs Large Box,Large free range eggs,131.0,12.6,0.1,9.0,≈íufs
Beanz In a rich tomato sauce,Baked Beans,81.0,4.82,15.5,0.337,L√©gumineuses
Chickpeas In Water,Chickpeas In Water,115.0,6.7,13.6,2.2,L√©gumineuses
Puy Lentils & French green lentils,Puy Lentils & French green lentils,138.0,8.9,18.0,1.7,L√©gumineuses
Baked Beans,Baked Beans,91.0,4.7,14.5,0.5,L√©gumineuses
Protein packed lentil cakes,Protein packed lentil cakes,366.0,25.0,58.4,1.8,L√©gumineuses
Tomatoey French Puy & Green lentils,Tomatoey French Puy & Green lentils,142.0,8.3,16.0,4.1,L√©gumineuses
Heinz Baked Beans,Heinz Baked Beans,81.0,4.8,15.5,0.5,L√©gumineuses
Baked Beans in a rich and tasty tomato sauce,Baked Beans,85.0,4.6,12.5,0.6,L√©gumineuses
Lentilles pr√©par√©es,Lentilles pr√©par√©es,91.0,7.0,12.5,0.5,L√©gumineuses
Greencane Paper Tissues,Chickpeas in water,122.0,7.67,22.8,1.42,L√©gumineuses
Tonik,tonik,504.0,4.35,71.7,22.2,C√©r√©ales
Oat Drink Barista Edition,Oat Drink Barista Edition,61.0,1.1,7.1,3.0,C√©r√©ales
Weetabix,Weetabix,358.0,11.8,68.4,2.11,C√©r√©ales
Kallo Organic lightly Salted wholegrain low fat Rice Cakes,Organic - Lightly Salted - Wholegrain Low Fat - Rice Cakes imp,386.0,8.57,80.0,2.86,C√©r√©ales
Pain de mie grandes tranches Seigle & Graines 500g,Pain de mie grandes tranches Seigle & Graines 500g,297.0,12.0,37.0,9.6,C√©r√©ales
cruesly m√©lange de noix,Cruesli - Mixed Nuts,462.0,8.5,57.0,19.0,C√©r√©ales
Avoine Sans Sucres,Ohne zucker hafer,44.0,0.7,5.5,1.8,C√©r√©ales
Family Pack,Family Pack,362.0,12.0,69.0,2.0,C√©r√©ales
Zarte Haferflocken,Haferflocken,372.0,13.5,58.8,7.0,C√©r√©ales
Flocons d'avoine,Flocons d'avoine,362.0,11.0,58.0,7.1,C√©r√©ales
Concentr√© de tomates Aicha,Concentr√© de tomates Aicha,31.6,1.24,6.41,0.108,L√©gumes
Tomates cerises allong√©es,Tomates cerises allong√©es,0.0,0.0,0.0,0.0,L√©gumes
Aicha Tomato Paste,Aicha Tomato Paste,117.0,4.6,23.7,0.4,L√©gumes
Tomates pel√©es,Chopped Tomatoes,26.0,1.3,4.0,0.2,L√©gumes
Crema de cacahuete,Smooth Peanut Butter,656.0,29.6,15.9,51.8,L√©gumes
Italian Tomato Pur√©e Double Concentrate,Italian Tomato Pur√©e Double Concentrate,89.0,4.3,15.3,0.5,L√©gumes
Italian Chopped Tomatoes,Italian Chopped Tomatoes,25.0,1.4,4.0,0.2,L√©gumes
Chopped Tomatoes,Chopped Tomatoes,22.0,1.1,3.8,0.1,L√©gumes
Aubergines cuisin√©es √† la proven√ßale,Aubergines cuisin√©es √† la proven√ßale,83.0,1.8,6.7,5.2,L√©gumes
Courgettes cuisin√©es √† la proven√ßale,Courgettes cuisinees a la provencale,62.0,1.8,5.5,3.5,L√©gumes
A√Øn Soltane,A√Øn Soltane,0.0,0.0,0.0,0.0,Fruits
Cranberriess (s√©ch√©es/sucr√©es),Cranberries,338.0,0.7,78.0,1.2,Fruits
Nakd bar Cacao Orange,Cocoa Orange,394.0,8.7,51.0,16.0,Fruits
Fruit and nut muesli,Crownfield Premium Fruit and Nut Muesli,393.0,8.89,60.4,11.6,Fruits
Cr√®me Yaourt Brass√© üçã,Cr√®me Yaourt Brass√© üçã,113.0,4.2,14.9,4.0,Fruits
Assaisonnement aromatise au citron,Assaisonnement aromatise au citron,1.12,0.0,0.14,0.0,Fruits
Organic Mixed Berry Granola,Organic Mixed Berry Granola,441.0,9.7,63.5,14.6,Fruits
Perly fa√ßon tarte aux fraises,Perly fa√ßon tarte aux fraises,118.0,7.3,13.5,3.9,Fruits
Soft Pitted Dates,Soft Pitted Dates,288.0,2.5,65.2,0.2,Fruits
Compote Pomme Nature,Compote Pomme Nature,55.0,0.3,12.0,0.2,Fruits
Amandes,Almonds,621.0,24.5,4.8,53.3,Noix
Noix de cajou non sal√©es,Cashew Nuts,600.0,20.5,19.8,47.6,Noix
M√©lange de fruits secs,Mix de frutos secos al natural,646.0,20.4,6.4,58.0,Noix
Cerneaux de Noix,Waln√ºsse,712.0,15.5,3.7,69.1,Noix
Menguy's Peanut 100%,Menguy's Peanut 100%,610.0,28.0,13.0,48.0,Noix
Noix du Bresil,Paranusskerne,697.0,16.9,2.7,66.5,Noix
Menguy's Beurre de cacahu√®tes creamy,Peanut butter creamy,629.0,25.0,12.0,52.0,Noix
Dorset cereals simply nutty,Dorset cereals simply nutty,376.0,9.9,64.4,6.8,Noix
Pistaches de Californie,Californian Pistachios,605.0,26.0,10.0,49.0,Noix
Pistacchi,Pistachos,605.0,26.5,10.3,49.2,Noix
Huile de table lio,Huile de table lio,900.0,0.0,0.0,100.0,Huiles
"Huile de table √©quilibr√©e riche en vitamines A,E,D3","Huile de table √©quilibr√©e riche en vitamines A,E,D3",900.0,0.0,0.0,100.0,Huiles
Hule D'olive,Hule D'olive,822.0,0.0,0.0,90.0,Huiles
Huile d'olive vierge extra,Huile d'olive vierge extra,828.0,0.0,0.0,92.0,Huiles
Houilor,Houilor,900.0,0.0,0.0,100.0,Huiles
Lio huile de table,Lio huile de table,900.0,0.0,0.0,100.0,Huiles
Huile d'olive vierge de Maroc,Huile d'olive vierge de Maroc,900.0,0.0,0.0,100.0,Huiles
Huile Lesieur 3 Graines,Huile Lesieur 3 Graines,900.0,0.0,0.0,100.0,Huiles
Huile d'olive,MA HFO .25.16.14,900.0,0.0,0.0,92.0,Huiles
Huile d'olive vierge extra Bio Classico,Huile d'olive vierge extra Bio Classico,821.0,0.0,0.0,91.0,Huiles
Perly,Perly,97.0,8.0,9.4,3.0,Produits laitiers
Lait,Lait,45.0,3.1,4.9,1.5,Produits laitiers
Fromage blanc nature,Fromage blanc nature,80.6,7.3,6.1,12.0,Produits laitiers
Lait entier UHT,Lait entier UHT,58.0,3.0,4.8,3.0,Produits laitiers
Jben,Jben,235.0,8.0,3.5,21.0,Produits laitiers
Yeast Extract,Marmite Yeast Extract,260.0,34.0,30.0,0.5,Produits laitiers
Lait Frais,Lait Frais,45.0,3.0,4.8,1.5,Produits laitiers
Margarine de table,Margarine de table,675.0,0.1,0.2,75.0,Produits laitiers
Yaourt nature,Yaourt nature,78.5,4.2,15.7,3.3,Produits laitiers
la Hollandaise cheddar,La hollandaise cheddar p64,270.0,9.0,6.0,21.0,Produits laitiers
Confiture de fraise,Confiture de fraise,250.0,0.5,61.33,0.3,Substituts prot√©in√©s
Sourdough White Ciabattin Bread,Sourdough White Ciabattin Bread,230.0,10.1,44.1,0.8,Substituts prot√©in√©s
White Sourdough Bread,White Sourdough Bread,237.0,9.73,46.0,0.698,Substituts prot√©in√©s
Sourdough Grains & Seeds,Sourdough Grains & Seeds,237.0,10.7,40.2,2.7,Substituts prot√©in√©s
Nescaf√© Classic,Nescaf√© Classic,0.0,0.0,0.0,0.0,Substituts prot√©in√©s
Tofoo Naked,Tofoo Naked,144.359464627151,16.5,1.1,7.8,Substituts prot√©in√©s
Les Tranches V√©g√© Lentilles Corail,Les Tranches V√©g√© Lentilles Corail,143.0,8.1,11.0,6.5,Substituts prot√©in√©s
Les Tranches V√©g√© Pois chiches,Les Tranches V√©g√© Pois chiches,138.0,8.1,11.0,6.0,Substituts prot√©in√©s
Falafels Du Moyen-Orient √Ä Base De Plantes,Middle Eastern Plant-Based Falafels,222.0,7.6,20.0,9.9,Substituts prot√©in√©s
La Pan√©e Soja et Bl√©,La Pan√©e Soja et Bl√©,235.0,12.3,17.6,11.7,Substituts prot√©in√©s
Cosumar Sucre En Lingot Pour Le Th√© 1 kg,Cosumar Sucre En Lingot Pour Le Th√© 1 kg,400.0,0.0,100.0,0.0,Sucrants
Sucre Vanillin√©,Sucre Vanillin√©,392.0,0.0,97.6,0.0,Sucrants
Poudre stevia,Poudre stevia,2.0,0.0,99.0,0.2,Sucrants
Miel cr√©meux fran√ßais & responsable,Miel cr√©meux fran√ßais & responsable,0.0,0.0,0.0,0.0,Sucrants
Sucre  enmer,enmer,400.0,0.0,100.0,0.0,Sucrants
sucre ar√¥me vanille,sucre ar√¥me vanille,286.0,1.43,100.0,0.0,Sucrants
Ppk cassonade pure canne kraft daddy 750g,Cassonade pure canne,400.0,0.0,100.0,0.0,Sucrants
Cassonade,Pure Cane Sugar,400.0,0.0,100.0,0.0,Sucrants
Cosumar Sucre Granule - Granulated Sugar,Cosumar Sucre Granule - Granulated Sugar,400.0,0.0,100.0,0.0,Sucrants
Runny Honey imp,Runny Honey imp,329.0,0.5,81.5,0.5,Sucrants
